2,bola,pdg c,2026-01-08T21:30:00,2026-01-09T00:30:00,0
3,bola,pdg c,2026-01-15T21:30:00,2026-01-16T00:30:00,0
4,bola,pdg c,2026-01-22T21:30:00,2026-01-23T00:30:00,0
6,bola,ngn member,2026-11-21T21:00:00,2026-11-21T23:00:00,1440
7,lepak,lepak,2026-01-10T13:00:00,2026-01-10T14:00:00,30
8,lepak,lepak,2026-01-09T22:15:00,2026-01-09T23:15:00,14
9,bola,bola,2026-01-09T10:25:00,2026-01-09T11:25:00,10
11,volley ,malam,2026-01-10T02:10:00,2026-01-10T03:10:00,0
12,volley ,malam,2026-01-12T02:10:00,2026-01-12T03:10:00,0
13,volley ,malam,2026-01-14T02:10:00,2026-01-14T03:10:00,0
14,volley ,malam,2026-01-16T02:10:00,2026-01-16T03:10:00,0
15,volley ,malam,2026-01-18T02:10:00,2026-01-18T03:10:00,0
16,volley ,malam,2026-01-20T02:10:00,2026-01-20T03:10:00,0
17,volley ,malam,2026-01-22T02:10:00,2026-01-22T03:10:00,0
18,volley ,malam,2026-01-24T02:10:00,2026-01-24T03:10:00,0
19,volley ,malam,2026-01-26T02:10:00,2026-01-26T03:10:00,0
20,volley ,malam,2026-01-28T02:10:00,2026-01-28T03:10:00,0
21,volley ,malam,2026-01-30T02:10:00,2026-01-30T03:10:00,0
22,volley ,malam,2026-02-01T02:10:00,2026-02-01T03:10:00,0
23,volley ,malam,2026-02-03T02:10:00,2026-02-03T03:10:00,0
24,volley ,malam,2026-02-05T02:10:00,2026-02-05T03:10:00,0
25,volley ,malam,2026-02-07T02:10:00,2026-02-07T03:10:00,0
26,volley ,malam,2026-02-09T02:10:00,2026-02-09T03:10:00,0
